CookerStat, GenerateAssetRegistry=0.034258, Initialize=0.150487, RunGuid=RunID3DF36630438F3894046749AF031795A2
SavePackageTransactionIdB4222BA242340618C966F9A6EA4B1054_0, Filename=../../../../../../Users/Morten/Documents/Unreal Projects/FPSProject/Saved/Autosaves/Game/Maps/FPSMap_Auto1.umap, AutoPackageBackupDelegate=3.995910, FlushAsyncLoading=0.015050, FlushStreamingFunc=0.132237, BlockTillAllRequestsFinished=0.005763, ResetLoadersForSaveUnMarkAllObjects=31.280478, TagPackageExports=0.743467, BeginCacheForCookedPlatformData=0.001922, SerializeImports=1.831777, GatherLocalizableTextData=3.879364, MarkNames=0.092853, SerializeSummary=0.041623, SerializeNames=0.325948, SerializeGatherableTextData=0.030417, BuildExportMap=0.189871, SortExportsNonSeekfree=0.110783, SortExportsSeekfreeConstructor=0.061158, SortExportsSeekfreeInner=6.585885, SortExportsSeekfree=0.004161, BuildDependencyMap=0.052512, SerializeImportMap=0.025932, SerializeExportMap=0.018254, SerializeDependencyMap=0.004806, SerializeStringAssetReferenceMap=0.001598, SaveThumbNailsAssetRegistryDataWorldLevelInfo=0.669830, SerializeExports=2.173096, SerializeBulkData=3.869437, MoveFile=1.841381, UnaccountedTime=0.251986, RunGuid=RunID3DF36630438F3894046749AF031795A2
DDCTransactionId4C4B0B114068A808F00E11B5BD1E48B1_0, PutCachedData=, CacheKey=PhysX_1D9C17C451EA4FB88CB7A27536A65DB0_PhysXPC_7ABA4ABB4DE9794C858000860092E329__1_0_13123_0, StartTime=2016.04.11-09.25.38, HierarchicalDDC=, DataSize=6085, Duration=1.942884, RunGuid=RunID3DF36630438F3894046749AF031795A2
DDCTransactionIdDF9F6B9344CCE6A12F4D7CA13CA65BFE_0, PutCachedData=, CacheKey=PhysX_1D9C17C451EA4FB88CB7A27536A65DB0_PhysXPC_41B059CF4476F04874E1E7A6C556B31D__1_0_13123_0, StartTime=2016.04.11-09.25.38, HierarchicalDDC=, DataSize=5087, Duration=6.775435, RunGuid=RunID3DF36630438F3894046749AF031795A2
DDCTransactionIdDF9F6B9344CCE6A12F4D7CA13CA65BFE_1, PutCachedData=, CacheKey=PhysX_1D9C17C451EA4FB88CB7A27536A65DB0_PhysXPC_D7A4BD984FC25AC13AC32EA052EFE356__1_0_13123_0, StartTime=2016.04.11-09.25.44, HierarchicalDDC=, DataSize=771, Duration=6.793365, RunGuid=RunID3DF36630438F3894046749AF031795A2
DDCTransactionId26D999BC4668D04415972C8D16A52CF1_0, PutCachedData=, CacheKey=PhysX_1D9C17C451EA4FB88CB7A27536A65DB0_PhysXPC_0C37829E407DD3B9A51A6C8F6190970B__1_0_13123_0, StartTime=2016.04.11-09.25.44, HierarchicalDDC=, DataSize=10333, Duration=6.050218, RunGuid=RunID3DF36630438F3894046749AF031795A2
DDCTransactionId4C4B0B114068A808F00E11B5BD1E48B1_1, PutCachedData=, CacheKey=PhysX_1D9C17C451EA4FB88CB7A27536A65DB0_PhysXPC_AD15EFA74120A6A991DF7FB3DE7BB723__1_0_13123_0, StartTime=2016.04.11-09.25.46, HierarchicalDDC=, DataSize=10905, Duration=3.056165, RunGuid=RunID3DF36630438F3894046749AF031795A2
DDCTransactionId4C4B0B114068A808F00E11B5BD1E48B1_2, PutCachedData=, CacheKey=PhysX_1D9C17C451EA4FB88CB7A27536A65DB0_PhysXPC_5C6F7A3546EFFD108451B998C78BDDDE__1_0_13123_0, StartTime=2016.04.11-09.25.50, HierarchicalDDC=, DataSize=10905, Duration=7.038627, RunGuid=RunID3DF36630438F3894046749AF031795A2
DDCTransactionId26D999BC4668D04415972C8D16A52CF1_1, PutCachedData=, CacheKey=PhysX_1D9C17C451EA4FB88CB7A27536A65DB0_PhysXPC_BCD75DA84A45D0E7BECDB7BC1CA72821__1_0_13123_0, StartTime=2016.04.11-09.25.51, HierarchicalDDC=, DataSize=10905, Duration=1.803603, RunGuid=RunID3DF36630438F3894046749AF031795A2
DDCTransactionId26D999BC4668D04415972C8D16A52CF1_2, PutCachedData=, CacheKey=PhysX_1D9C17C451EA4FB88CB7A27536A65DB0_PhysXPC_500E995143FC553E837CC58AE18C50B3__1_0_13123_0, StartTime=2016.04.11-09.25.54, HierarchicalDDC=, DataSize=10905, Duration=1.816090, RunGuid=RunID3DF36630438F3894046749AF031795A2
DDCTransactionId26D999BC4668D04415972C8D16A52CF1_3, PutCachedData=, CacheKey=PhysX_1D9C17C451EA4FB88CB7A27536A65DB0_PhysXPC_BD7EF3324693842556204087F8312195__1_0_13123_0, StartTime=2016.04.11-09.26.27, HierarchicalDDC=, DataSize=24192, Duration=1.830496, RunGuid=RunID3DF36630438F3894046749AF031795A2
DDCTransactionId26D999BC4668D04415972C8D16A52CF1_4, PutCachedData=, CacheKey=PhysX_1D9C17C451EA4FB88CB7A27536A65DB0_PhysXPC_1836FAC545B33A84258E948B62962540__1_0_13123_0, StartTime=2016.04.11-09.26.29, HierarchicalDDC=, DataSize=14703, Duration=1.888450, RunGuid=RunID3DF36630438F3894046749AF031795A2
DDCTransactionId4C4B0B114068A808F00E11B5BD1E48B1_3, PutCachedData=, CacheKey=PhysX_1D9C17C451EA4FB88CB7A27536A65DB0_PhysXPC_15B07CF34FCBC0C53E599FB898CC1F60__1_0_13123_0, StartTime=2016.04.11-09.26.29, HierarchicalDDC=, DataSize=12309, Duration=3.515311, RunGuid=RunID3DF36630438F3894046749AF031795A2
DDCTransactionId26D999BC4668D04415972C8D16A52CF1_5, PutCachedData=, CacheKey=PhysX_1D9C17C451EA4FB88CB7A27536A65DB0_PhysXPC_BCFB43DF49396FCE5A081F8E765F718A__1_0_13123_0, StartTime=2016.04.11-09.26.36, HierarchicalDDC=, DataSize=10905, Duration=1.751732, RunGuid=RunID3DF36630438F3894046749AF031795A2
DDCTransactionId4C4B0B114068A808F00E11B5BD1E48B1_4, PutCachedData=, CacheKey=PhysX_1D9C17C451EA4FB88CB7A27536A65DB0_PhysXPC_5AAB6CC94E71FF9256E4458458D9655A__1_0_13123_0, StartTime=2016.04.11-09.26.36, HierarchicalDDC=, DataSize=11421, Duration=3.176875, RunGuid=RunID3DF36630438F3894046749AF031795A2
DDCTransactionId26D999BC4668D04415972C8D16A52CF1_6, PutCachedData=, CacheKey=PhysX_1D9C17C451EA4FB88CB7A27536A65DB0_PhysXPC_30DB26C24F114BEA138AAAB1EC35D356__1_0_13123_0, StartTime=2016.04.11-09.26.40, HierarchicalDDC=, DataSize=14183, Duration=1.453321, RunGuid=RunID3DF36630438F3894046749AF031795A2
DDCTransactionId4C4B0B114068A808F00E11B5BD1E48B1_5, PutCachedData=, CacheKey=PhysX_1D9C17C451EA4FB88CB7A27536A65DB0_PhysXPC_A3F3685F4CE060C18B1376855771E9C6__1_0_13123_0, StartTime=2016.04.11-09.26.40, HierarchicalDDC=, DataSize=10585, Duration=6.898068, RunGuid=RunID3DF36630438F3894046749AF031795A2
DDCTransactionId26D999BC4668D04415972C8D16A52CF1_7, PutCachedData=, CacheKey=PhysX_1D9C17C451EA4FB88CB7A27536A65DB0_PhysXPC_0E606ABC4FF32300FCE88F9EE8B48B4F__1_0_13123_0, StartTime=2016.04.11-09.26.51, HierarchicalDDC=, DataSize=13892, Duration=1.715232, RunGuid=RunID3DF36630438F3894046749AF031795A2
DDCTransactionId4C4B0B114068A808F00E11B5BD1E48B1_6, PutCachedData=, CacheKey=PhysX_1D9C17C451EA4FB88CB7A27536A65DB0_PhysXPC_F55D62934DBDE404F078BD9EF836E5E3__1_0_13123_0, StartTime=2016.04.11-09.26.51, HierarchicalDDC=, DataSize=10685, Duration=1.844905, RunGuid=RunID3DF36630438F3894046749AF031795A2
DDCTransactionIdDF9F6B9344CCE6A12F4D7CA13CA65BFE_2, PutCachedData=, CacheKey=PhysX_1D9C17C451EA4FB88CB7A27536A65DB0_PhysXPC_34B8C71448260925DCD9F3B287BF5D8D__1_0_13123_0, StartTime=2016.04.11-09.26.53, HierarchicalDDC=, DataSize=11945, Duration=7.127639, RunGuid=RunID3DF36630438F3894046749AF031795A2
DDCTransactionId26D999BC4668D04415972C8D16A52CF1_8, PutCachedData=, CacheKey=PhysX_1D9C17C451EA4FB88CB7A27536A65DB0_PhysXPC_3191EB3346051691CE104C91BD26EBF2__1_0_13123_0, StartTime=2016.04.11-09.26.53, HierarchicalDDC=, DataSize=783, Duration=7.087935, RunGuid=RunID3DF36630438F3894046749AF031795A2
DDCTransactionId4C4B0B114068A808F00E11B5BD1E48B1_7, PutCachedData=, CacheKey=PhysX_1D9C17C451EA4FB88CB7A27536A65DB0_PhysXPC_645081AE467BFF59897634902525C4FF__1_0_13123_0, StartTime=2016.04.11-09.26.53, HierarchicalDDC=, DataSize=10189, Duration=6.193340, RunGuid=RunID3DF36630438F3894046749AF031795A2
DDCTransactionId4C4B0B114068A808F00E11B5BD1E48B1_8, PutCachedData=, CacheKey=PhysX_1D9C17C451EA4FB88CB7A27536A65DB0_PhysXPC_FD35D97F46658FAC419657A18220E23D__1_0_13123_0, StartTime=2016.04.11-09.26.53, HierarchicalDDC=, DataSize=551, Duration=1.435071, RunGuid=RunID3DF36630438F3894046749AF031795A2
DDCTransactionId26D999BC4668D04415972C8D16A52CF1_9, PutCachedData=, CacheKey=PhysX_1D9C17C451EA4FB88CB7A27536A65DB0_PhysXPC_5E3F6C66437EAA5747FD5A8403F07774__1_0_13123_0, StartTime=2016.04.11-09.26.54, HierarchicalDDC=, DataSize=13892, Duration=3.141016, RunGuid=RunID3DF36630438F3894046749AF031795A2
DDCTransactionId4C4B0B114068A808F00E11B5BD1E48B1_9, PutCachedData=, CacheKey=PhysX_1D9C17C451EA4FB88CB7A27536A65DB0_PhysXPC_D8B3E20B43852BB73FB16BB884757A97__1_0_13123_0, StartTime=2016.04.11-09.26.54, HierarchicalDDC=, DataSize=10685, Duration=3.159586, RunGuid=RunID3DF36630438F3894046749AF031795A2
DDCTransactionId4C4B0B114068A808F00E11B5BD1E48B1_10, PutCachedData=, CacheKey=PhysX_1D9C17C451EA4FB88CB7A27536A65DB0_PhysXPC_6D4DD64348BD3F30FEC2878968B43875__1_0_13123_0, StartTime=2016.04.11-09.26.55, HierarchicalDDC=, DataSize=14183, Duration=3.287017, RunGuid=RunID3DF36630438F3894046749AF031795A2
DDCTransactionIdDF9F6B9344CCE6A12F4D7CA13CA65BFE_3, PutCachedData=, CacheKey=PhysX_1D9C17C451EA4FB88CB7A27536A65DB0_PhysXPC_FEDFB2D943D83248D9018AB68B90D724__1_0_13123_0, StartTime=2016.04.11-09.26.55, HierarchicalDDC=, DataSize=10585, Duration=2.706204, RunGuid=RunID3DF36630438F3894046749AF031795A2
DDCTransactionId26D999BC4668D04415972C8D16A52CF1_10, PutCachedData=, CacheKey=PhysX_1D9C17C451EA4FB88CB7A27536A65DB0_PhysXPC_6A878F0949E54C04113779AEDAA378EB__1_0_13123_0, StartTime=2016.04.11-09.26.59, HierarchicalDDC=, DataSize=15103, Duration=3.117964, RunGuid=RunID3DF36630438F3894046749AF031795A2
DDCTransactionId4C4B0B114068A808F00E11B5BD1E48B1_11, PutCachedData=, CacheKey=PhysX_1D9C17C451EA4FB88CB7A27536A65DB0_PhysXPC_0F78A5934714E3579DB2EAB1A5935540__1_0_13123_0, StartTime=2016.04.11-09.26.59, HierarchicalDDC=, DataSize=24020, Duration=2.550595, RunGuid=RunID3DF36630438F3894046749AF031795A2
DDCTransactionId4C4B0B114068A808F00E11B5BD1E48B1_12, PutCachedData=, CacheKey=PhysX_1D9C17C451EA4FB88CB7A27536A65DB0_PhysXPC_39673C8A473405B4090071A425F269FB__1_0_13123_0, StartTime=2016.04.11-09.27.01, HierarchicalDDC=, DataSize=14183, Duration=3.285419, RunGuid=RunID3DF36630438F3894046749AF031795A2
DDCTransactionIdDF9F6B9344CCE6A12F4D7CA13CA65BFE_4, PutCachedData=, CacheKey=PhysX_1D9C17C451EA4FB88CB7A27536A65DB0_PhysXPC_539076994C5D3D32C6ED3F98878B38A2__1_0_13123_0, StartTime=2016.04.11-09.27.01, HierarchicalDDC=, DataSize=10585, Duration=2.643768, RunGuid=RunID3DF36630438F3894046749AF031795A2
DDCTransactionId26D999BC4668D04415972C8D16A52CF1_11, PutCachedData=, CacheKey=PhysX_1D9C17C451EA4FB88CB7A27536A65DB0_PhysXPC_4AB18A2142EE31A043D1E882743D99BC__1_0_13123_0, StartTime=2016.04.11-09.27.01, HierarchicalDDC=, DataSize=1061, Duration=2.654012, RunGuid=RunID3DF36630438F3894046749AF031795A2
DDCTransactionId4C4B0B114068A808F00E11B5BD1E48B1_13, PutCachedData=, CacheKey=PhysX_1D9C17C451EA4FB88CB7A27536A65DB0_PhysXPC_2F234C55419335DF378A5C89DB11E310__1_0_13123_0, StartTime=2016.04.11-09.27.01, HierarchicalDDC=, DataSize=10837, Duration=1.685131, RunGuid=RunID3DF36630438F3894046749AF031795A2
DDCTransactionId4C4B0B114068A808F00E11B5BD1E48B1_14, PutCachedData=, CacheKey=PhysX_1D9C17C451EA4FB88CB7A27536A65DB0_PhysXPC_D2C0CD864091F3D788C247BEF9476FCD__1_0_13123_0, StartTime=2016.04.11-09.27.07, HierarchicalDDC=, DataSize=14183, Duration=1.861237, RunGuid=RunID3DF36630438F3894046749AF031795A2
DDCTransactionIdDF9F6B9344CCE6A12F4D7CA13CA65BFE_5, PutCachedData=, CacheKey=PhysX_1D9C17C451EA4FB88CB7A27536A65DB0_PhysXPC_127BC3BD4CC61E0D2CB713B5FDE4D7AF__1_0_13123_0, StartTime=2016.04.11-09.27.07, HierarchicalDDC=, DataSize=10585, Duration=4.293364, RunGuid=RunID3DF36630438F3894046749AF031795A2
DDCTransactionId26D999BC4668D04415972C8D16A52CF1_12, PutCachedData=, CacheKey=PhysX_1D9C17C451EA4FB88CB7A27536A65DB0_PhysXPC_E161A1BE49E7C11B5C95C1A468CC73CC__1_0_13123_0, StartTime=2016.04.11-09.27.07, HierarchicalDDC=, DataSize=5792, Duration=3.143255, RunGuid=RunID3DF36630438F3894046749AF031795A2
DDCTransactionId4C4B0B114068A808F00E11B5BD1E48B1_15, PutCachedData=, CacheKey=PhysX_1D9C17C451EA4FB88CB7A27536A65DB0_PhysXPC_C8A6E7844B1DD5914F29F7821254322F__1_0_13123_0, StartTime=2016.04.11-09.27.07, HierarchicalDDC=, DataSize=5861, Duration=2.622314, RunGuid=RunID3DF36630438F3894046749AF031795A2
DDCTransactionId4C4B0B114068A808F00E11B5BD1E48B1_16, PutCachedData=, CacheKey=PhysX_1D9C17C451EA4FB88CB7A27536A65DB0_PhysXPC_06B866184906D72B736F2C9D28AAEF47__1_0_13123_0, StartTime=2016.04.11-09.27.10, HierarchicalDDC=, DataSize=14183, Duration=7.270441, RunGuid=RunID3DF36630438F3894046749AF031795A2
DDCTransactionIdDF9F6B9344CCE6A12F4D7CA13CA65BFE_6, PutCachedData=, CacheKey=PhysX_1D9C17C451EA4FB88CB7A27536A65DB0_PhysXPC_55388FF94835DB7AC6DE48BBF838334E__1_0_13123_0, StartTime=2016.04.11-09.27.10, HierarchicalDDC=, DataSize=13624, Duration=6.628152, RunGuid=RunID3DF36630438F3894046749AF031795A2
DDCTransactionId26D999BC4668D04415972C8D16A52CF1_13, PutCachedData=, CacheKey=PhysX_1D9C17C451EA4FB88CB7A27536A65DB0_PhysXPC_ACFBA2924A75BBBDD6464C9F6B39E84C__1_0_13123_0, StartTime=2016.04.11-09.27.10, HierarchicalDDC=, DataSize=5422, Duration=5.962163, RunGuid=RunID3DF36630438F3894046749AF031795A2
DDCTransactionId4C4B0B114068A808F00E11B5BD1E48B1_17, PutCachedData=, CacheKey=PhysX_1D9C17C451EA4FB88CB7A27536A65DB0_PhysXPC_25FAB8F942E4FAACD0FFA3B3B6EC9C6F__1_0_13123_0, StartTime=2016.04.11-09.27.10, HierarchicalDDC=, DataSize=5861, Duration=1.514792, RunGuid=RunID3DF36630438F3894046749AF031795A2
DDCTransactionId26D999BC4668D04415972C8D16A52CF1_14, PutCachedData=, CacheKey=PhysX_1D9C17C451EA4FB88CB7A27536A65DB0_PhysXPC_39ABAD9F482CAEFD2F3D37B2A60909AC__1_0_13123_0, StartTime=2016.04.11-09.27.13, HierarchicalDDC=, DataSize=14183, Duration=1.679048, RunGuid=RunID3DF36630438F3894046749AF031795A2
DDCTransactionIdDF9F6B9344CCE6A12F4D7CA13CA65BFE_7, PutCachedData=, CacheKey=PhysX_1D9C17C451EA4FB88CB7A27536A65DB0_PhysXPC_760EB4264EFF94F5479C379DA626948B__1_0_13123_0, StartTime=2016.04.11-09.27.13, HierarchicalDDC=, DataSize=14003, Duration=4.279274, RunGuid=RunID3DF36630438F3894046749AF031795A2
DDCTransactionId4C4B0B114068A808F00E11B5BD1E48B1_18, PutCachedData=, CacheKey=PhysX_1D9C17C451EA4FB88CB7A27536A65DB0_PhysXPC_CE8B16F74832F4992791CE9EAA0C2FF4__1_0_13123_0, StartTime=2016.04.11-09.27.13, HierarchicalDDC=, DataSize=5332, Duration=3.305592, RunGuid=RunID3DF36630438F3894046749AF031795A2
DDCTransactionId26D999BC4668D04415972C8D16A52CF1_15, PutCachedData=, CacheKey=PhysX_1D9C17C451EA4FB88CB7A27536A65DB0_PhysXPC_4B6C3B094782EAE9EED6D68082A4C831__1_0_13123_0, StartTime=2016.04.11-09.27.13, HierarchicalDDC=, DataSize=5861, Duration=2.480477, RunGuid=RunID3DF36630438F3894046749AF031795A2
DDCTransactionId26D999BC4668D04415972C8D16A52CF1_16, PutCachedData=, CacheKey=PhysX_1D9C17C451EA4FB88CB7A27536A65DB0_PhysXPC_1FA4CA204487F238551C4C8B36595F1C__1_0_13123_0, StartTime=2016.04.11-09.28.04, HierarchicalDDC=, DataSize=24018, Duration=2.850607, RunGuid=RunID3DF36630438F3894046749AF031795A2
DDCTransactionId4C4B0B114068A808F00E11B5BD1E48B1_19, PutCachedData=, CacheKey=PhysX_1D9C17C451EA4FB88CB7A27536A65DB0_PhysXPC_AD4F50B04D8041AA3408CFB83E94AD32__1_0_13123_0, StartTime=2016.04.11-09.28.04, HierarchicalDDC=, DataSize=14715, Duration=1.741167, RunGuid=RunID3DF36630438F3894046749AF031795A2
DDCTransactionIdDF9F6B9344CCE6A12F4D7CA13CA65BFE_8, PutCachedData=, CacheKey=PhysX_1D9C17C451EA4FB88CB7A27536A65DB0_PhysXPC_C22F74E043528DBE8013F19076E5ECE9__1_0_13123_0, StartTime=2016.04.11-09.28.04, HierarchicalDDC=, DataSize=5358, Duration=1.522481, RunGuid=RunID3DF36630438F3894046749AF031795A2
DDCTransactionId4C4B0B114068A808F00E11B5BD1E48B1_20, PutCachedData=, CacheKey=PhysX_1D9C17C451EA4FB88CB7A27536A65DB0_PhysXPC_2B25A4454636B5F86635AAA4FB2F83C3__1_0_13123_0, StartTime=2016.04.11-09.28.04, HierarchicalDDC=, DataSize=8925, Duration=1.682252, RunGuid=RunID3DF36630438F3894046749AF031795A2
DDCTransactionId4C4B0B114068A808F00E11B5BD1E48B1_21, PutCachedData=, CacheKey=PhysX_1D9C17C451EA4FB88CB7A27536A65DB0_PhysXPC_29E22CDF45703FB1B09954A3698456AF__1_0_13123_0, StartTime=2016.04.11-09.28.09, HierarchicalDDC=, DataSize=14183, Duration=3.230669, RunGuid=RunID3DF36630438F3894046749AF031795A2
DDCTransactionId26D999BC4668D04415972C8D16A52CF1_17, PutCachedData=, CacheKey=PhysX_1D9C17C451EA4FB88CB7A27536A65DB0_PhysXPC_FF5A2D294E75C283D39BAC9AAFE22BDD__1_0_13123_0, StartTime=2016.04.11-09.28.09, HierarchicalDDC=, DataSize=14003, Duration=1.667202, RunGuid=RunID3DF36630438F3894046749AF031795A2
DDCTransactionIdDF9F6B9344CCE6A12F4D7CA13CA65BFE_9, PutCachedData=, CacheKey=PhysX_1D9C17C451EA4FB88CB7A27536A65DB0_PhysXPC_82444AA04027F51CF118258832FB1A73__1_0_13123_0, StartTime=2016.04.11-09.28.09, HierarchicalDDC=, DataSize=6030, Duration=2.231691, RunGuid=RunID3DF36630438F3894046749AF031795A2
DDCTransactionId26D999BC4668D04415972C8D16A52CF1_18, PutCachedData=, CacheKey=PhysX_1D9C17C451EA4FB88CB7A27536A65DB0_PhysXPC_6C9A739D40F869164519E28D223482E3__1_0_13123_0, StartTime=2016.04.11-09.28.09, HierarchicalDDC=, DataSize=21162, Duration=1.883969, RunGuid=RunID3DF36630438F3894046749AF031795A2
DDCTransactionIdDF9F6B9344CCE6A12F4D7CA13CA65BFE_10, PutCachedData=, CacheKey=PhysX_1D9C17C451EA4FB88CB7A27536A65DB0_PhysXPC_FCDAD3634E09600BCBE36E80A7BCE1AA__1_0_13123_0, StartTime=2016.04.11-09.28.14, HierarchicalDDC=, DataSize=14183, Duration=7.793944, RunGuid=RunID3DF36630438F3894046749AF031795A2
DDCTransactionId4C4B0B114068A808F00E11B5BD1E48B1_22, PutCachedData=, CacheKey=PhysX_1D9C17C451EA4FB88CB7A27536A65DB0_PhysXPC_47870A1B4BEC4EF99314EBA87A374593__1_0_13123_0, StartTime=2016.04.11-09.28.14, HierarchicalDDC=, DataSize=14003, Duration=6.596133, RunGuid=RunID3DF36630438F3894046749AF031795A2
DDCTransactionId26D999BC4668D04415972C8D16A52CF1_19, PutCachedData=, CacheKey=PhysX_1D9C17C451EA4FB88CB7A27536A65DB0_PhysXPC_900A46E848152A4B06545A8E911886A1__1_0_13123_0, StartTime=2016.04.11-09.28.14, HierarchicalDDC=, DataSize=6366, Duration=5.975935, RunGuid=RunID3DF36630438F3894046749AF031795A2
DDCTransactionId26D999BC4668D04415972C8D16A52CF1_20, PutCachedData=, CacheKey=PhysX_1D9C17C451EA4FB88CB7A27536A65DB0_PhysXPC_A3D2AD9E48EFFFFC902DAFA1B763895A__1_0_13123_0, StartTime=2016.04.11-09.28.14, HierarchicalDDC=, DataSize=22058, Duration=1.604125, RunGuid=RunID3DF36630438F3894046749AF031795A2
DDCTransactionId4C4B0B114068A808F00E11B5BD1E48B1_23, PutCachedData=, CacheKey=PhysX_1D9C17C451EA4FB88CB7A27536A65DB0_PhysXPC_5D8892F8438C47E73327739273D5C901__1_0_13123_0, StartTime=2016.04.11-09.28.20, HierarchicalDDC=, DataSize=22709, Duration=1.691218, RunGuid=RunID3DF36630438F3894046749AF031795A2
DDCTransactionIdDF9F6B9344CCE6A12F4D7CA13CA65BFE_11, PutCachedData=, CacheKey=PhysX_1D9C17C451EA4FB88CB7A27536A65DB0_PhysXPC_0DD651454C261F101DF1D9BA722E0E66__1_0_13123_0, StartTime=2016.04.11-09.28.20, HierarchicalDDC=, DataSize=14073, Duration=6.733812, RunGuid=RunID3DF36630438F3894046749AF031795A2
DDCTransactionId26D999BC4668D04415972C8D16A52CF1_21, PutCachedData=, CacheKey=PhysX_1D9C17C451EA4FB88CB7A27536A65DB0_PhysXPC_A0F4A4B64A0061EF08C36281A15C63EE__1_0_13123_0, StartTime=2016.04.11-09.28.20, HierarchicalDDC=, DataSize=5648, Duration=6.187256, RunGuid=RunID3DF36630438F3894046749AF031795A2
DDCTransactionId4C4B0B114068A808F00E11B5BD1E48B1_24, PutCachedData=, CacheKey=PhysX_1D9C17C451EA4FB88CB7A27536A65DB0_PhysXPC_38FF4FB94644B1CC836580A3E04986E1__1_0_13123_0, StartTime=2016.04.11-09.28.20, HierarchicalDDC=, DataSize=12876, Duration=5.391918, RunGuid=RunID3DF36630438F3894046749AF031795A2
DDCTransactionIdDF9F6B9344CCE6A12F4D7CA13CA65BFE_12, PutCachedData=, CacheKey=PhysX_1D9C17C451EA4FB88CB7A27536A65DB0_PhysXPC_3EC0D246494937B4527276B40F672C50__1_0_13123_0, StartTime=2016.04.11-09.28.22, HierarchicalDDC=, DataSize=22709, Duration=1.715232, RunGuid=RunID3DF36630438F3894046749AF031795A2
DDCTransactionId26D999BC4668D04415972C8D16A52CF1_22, PutCachedData=, CacheKey=PhysX_1D9C17C451EA4FB88CB7A27536A65DB0_PhysXPC_6EAC687545B9580DC02C8A8DF319A785__1_0_13123_0, StartTime=2016.04.11-09.28.22, HierarchicalDDC=, DataSize=14297, Duration=1.550335, RunGuid=RunID3DF36630438F3894046749AF031795A2
DDCTransactionId4C4B0B114068A808F00E11B5BD1E48B1_25, PutCachedData=, CacheKey=PhysX_1D9C17C451EA4FB88CB7A27536A65DB0_PhysXPC_F751025049A868D1102EBE84F0806B02__1_0_13123_0, StartTime=2016.04.11-09.28.22, HierarchicalDDC=, DataSize=5872, Duration=3.365464, RunGuid=RunID3DF36630438F3894046749AF031795A2
DDCTransactionIdDF9F6B9344CCE6A12F4D7CA13CA65BFE_13, PutCachedData=, CacheKey=PhysX_1D9C17C451EA4FB88CB7A27536A65DB0_PhysXPC_E2D049D14DD032772DEA46A6B19A193C__1_0_13123_0, StartTime=2016.04.11-09.28.22, HierarchicalDDC=, DataSize=17695, Duration=2.531383, RunGuid=RunID3DF36630438F3894046749AF031795A2
DDCTransactionIdDF9F6B9344CCE6A12F4D7CA13CA65BFE_14, PutCachedData=, CacheKey=PhysX_1D9C17C451EA4FB88CB7A27536A65DB0_PhysXPC_4547376A43C11FF8FB825F89884BD1C1__1_0_13123_0, StartTime=2016.04.11-09.28.26, HierarchicalDDC=, DataSize=22709, Duration=1.580752, RunGuid=RunID3DF36630438F3894046749AF031795A2
DDCTransactionId26D999BC4668D04415972C8D16A52CF1_23, PutCachedData=, CacheKey=PhysX_1D9C17C451EA4FB88CB7A27536A65DB0_PhysXPC_65FAAD0241BA7DEE47201F9B9CFB2BFA__1_0_13123_0, StartTime=2016.04.11-09.28.26, HierarchicalDDC=, DataSize=13961, Duration=1.558337, RunGuid=RunID3DF36630438F3894046749AF031795A2
DDCTransactionId4C4B0B114068A808F00E11B5BD1E48B1_26, PutCachedData=, CacheKey=PhysX_1D9C17C451EA4FB88CB7A27536A65DB0_PhysXPC_D5C5BD084F087BEC1713EFAA1022D076__1_0_13123_0, StartTime=2016.04.11-09.28.26, HierarchicalDDC=, DataSize=5872, Duration=1.582995, RunGuid=RunID3DF36630438F3894046749AF031795A2
DDCTransactionIdDF9F6B9344CCE6A12F4D7CA13CA65BFE_15, PutCachedData=, CacheKey=PhysX_1D9C17C451EA4FB88CB7A27536A65DB0_PhysXPC_A1B550104073BBFED559068B47854E16__1_0_13123_0, StartTime=2016.04.11-09.28.26, HierarchicalDDC=, DataSize=16505, Duration=6.363038, RunGuid=RunID3DF36630438F3894046749AF031795A2
DDCTransactionId26D999BC4668D04415972C8D16A52CF1_24, PutCachedData=, CacheKey=PhysX_1D9C17C451EA4FB88CB7A27536A65DB0_PhysXPC_957112AD44ACF8706694D591E965F498__1_0_13123_0, StartTime=2016.04.11-09.28.28, HierarchicalDDC=, DataSize=20543, Duration=7.481124, RunGuid=RunID3DF36630438F3894046749AF031795A2
DDCTransactionId4C4B0B114068A808F00E11B5BD1E48B1_27, PutCachedData=, CacheKey=PhysX_1D9C17C451EA4FB88CB7A27536A65DB0_PhysXPC_3C3D781B4D1CA5DBB43E62AFBC56A721__1_0_13123_0, StartTime=2016.04.11-09.28.28, HierarchicalDDC=, DataSize=14831, Duration=6.474782, RunGuid=RunID3DF36630438F3894046749AF031795A2
DDCTransactionIdDF9F6B9344CCE6A12F4D7CA13CA65BFE_16, PutCachedData=, CacheKey=PhysX_1D9C17C451EA4FB88CB7A27536A65DB0_PhysXPC_DE16A08E4F8DEACF2CFEFC9CC55140BD__1_0_13123_0, StartTime=2016.04.11-09.28.28, HierarchicalDDC=, DataSize=6653, Duration=5.623408, RunGuid=RunID3DF36630438F3894046749AF031795A2
DDCTransactionIdDF9F6B9344CCE6A12F4D7CA13CA65BFE_17, PutCachedData=, CacheKey=PhysX_1D9C17C451EA4FB88CB7A27536A65DB0_PhysXPC_498784BE493EDD5D82ECC09B290649D5__1_0_13123_0, StartTime=2016.04.11-09.28.28, HierarchicalDDC=, DataSize=14622, Duration=1.985785, RunGuid=RunID3DF36630438F3894046749AF031795A2
DDCTransactionId26D999BC4668D04415972C8D16A52CF1_25, PutCachedData=, CacheKey=PhysX_1D9C17C451EA4FB88CB7A27536A65DB0_PhysXPC_4CA6A75741EFAACCB9C450B9873DB8BD__1_0_13123_0, StartTime=2016.04.11-09.28.30, HierarchicalDDC=, DataSize=19272, Duration=6.694428, RunGuid=RunID3DF36630438F3894046749AF031795A2
DDCTransactionId4C4B0B114068A808F00E11B5BD1E48B1_28, PutCachedData=, CacheKey=PhysX_1D9C17C451EA4FB88CB7A27536A65DB0_PhysXPC_3F277E80449547B840ECDB9E58046654__1_0_13123_0, StartTime=2016.04.11-09.28.30, HierarchicalDDC=, DataSize=14358, Duration=5.800150, RunGuid=RunID3DF36630438F3894046749AF031795A2
DDCTransactionIdDF9F6B9344CCE6A12F4D7CA13CA65BFE_18, PutCachedData=, CacheKey=PhysX_1D9C17C451EA4FB88CB7A27536A65DB0_PhysXPC_D4ADCF194E7A8006F0590A97EF0A576D__1_0_13123_0, StartTime=2016.04.11-09.28.30, HierarchicalDDC=, DataSize=6733, Duration=5.310908, RunGuid=RunID3DF36630438F3894046749AF031795A2
DDCTransactionId26D999BC4668D04415972C8D16A52CF1_26, PutCachedData=, CacheKey=PhysX_1D9C17C451EA4FB88CB7A27536A65DB0_PhysXPC_5F081B9743E312D5DED997912434FF91__1_0_13123_0, StartTime=2016.04.11-09.28.30, HierarchicalDDC=, DataSize=14631, Duration=1.615651, RunGuid=RunID3DF36630438F3894046749AF031795A2
DDCTransactionId4C4B0B114068A808F00E11B5BD1E48B1_29, PutCachedData=, CacheKey=PhysX_1D9C17C451EA4FB88CB7A27536A65DB0_PhysXPC_D3FB1A294C890A179BECBDB7E29C465A__1_0_13123_0, StartTime=2016.04.11-09.28.34, HierarchicalDDC=, DataSize=19272, Duration=7.023901, RunGuid=RunID3DF36630438F3894046749AF031795A2
DDCTransactionIdDF9F6B9344CCE6A12F4D7CA13CA65BFE_19, PutCachedData=, CacheKey=PhysX_1D9C17C451EA4FB88CB7A27536A65DB0_PhysXPC_2A734F834FD704A0CB7F1DA6E6CBF364__1_0_13123_0, StartTime=2016.04.11-09.28.34, HierarchicalDDC=, DataSize=14358, Duration=6.092161, RunGuid=RunID3DF36630438F3894046749AF031795A2
DDCTransactionId26D999BC4668D04415972C8D16A52CF1_27, PutCachedData=, CacheKey=PhysX_1D9C17C451EA4FB88CB7A27536A65DB0_PhysXPC_FA5FD3CF47FF85B37E1DC8BE556BE469__1_0_13123_0, StartTime=2016.04.11-09.28.34, HierarchicalDDC=, DataSize=6733, Duration=5.364701, RunGuid=RunID3DF36630438F3894046749AF031795A2
DDCTransactionId26D999BC4668D04415972C8D16A52CF1_28, PutCachedData=, CacheKey=PhysX_1D9C17C451EA4FB88CB7A27536A65DB0_PhysXPC_A3DB63EC47EE4E9B20EC5E9B127AE02C__1_0_13123_0, StartTime=2016.04.11-09.28.34, HierarchicalDDC=, DataSize=15870, Duration=1.526322, RunGuid=RunID3DF36630438F3894046749AF031795A2
DDCTransactionId4C4B0B114068A808F00E11B5BD1E48B1_30, PutCachedData=, CacheKey=PhysX_1D9C17C451EA4FB88CB7A27536A65DB0_PhysXPC_6F3848EE455242C844AA37A4A679D46B__1_0_13123_0, StartTime=2016.04.11-09.29.40, HierarchicalDDC=, DataSize=14183, Duration=1.780227, RunGuid=RunID3DF36630438F3894046749AF031795A2
DDCTransactionIdDF9F6B9344CCE6A12F4D7CA13CA65BFE_20, PutCachedData=, CacheKey=PhysX_1D9C17C451EA4FB88CB7A27536A65DB0_PhysXPC_DE192E594835F44E2699E4ACA4BAA4A9__1_0_13123_0, StartTime=2016.04.11-09.29.40, HierarchicalDDC=, DataSize=14003, Duration=3.214016, RunGuid=RunID3DF36630438F3894046749AF031795A2
DDCTransactionId26D999BC4668D04415972C8D16A52CF1_29, PutCachedData=, CacheKey=PhysX_1D9C17C451EA4FB88CB7A27536A65DB0_PhysXPC_100A73934713D72DA6666E94717F4D65__1_0_13123_0, StartTime=2016.04.11-09.29.40, HierarchicalDDC=, DataSize=5332, Duration=1.562502, RunGuid=RunID3DF36630438F3894046749AF031795A2
DDCTransactionId4C4B0B114068A808F00E11B5BD1E48B1_31, PutCachedData=, CacheKey=PhysX_1D9C17C451EA4FB88CB7A27536A65DB0_PhysXPC_0564B30B4E1FD7F90AA063BBBD663BE4__1_0_13123_0, StartTime=2016.04.11-09.29.40, HierarchicalDDC=, DataSize=5861, Duration=2.387296, RunGuid=RunID3DF36630438F3894046749AF031795A2
DDCTransactionId4C4B0B114068A808F00E11B5BD1E48B1_32, PutCachedData=, CacheKey=PhysX_1D9C17C451EA4FB88CB7A27536A65DB0_PhysXPC_A4AFCE3A46E233960E02E5A50C03ED99__1_0_13123_0, StartTime=2016.04.11-09.29.41, HierarchicalDDC=, DataSize=14183, Duration=3.531318, RunGuid=RunID3DF36630438F3894046749AF031795A2
DDCTransactionId26D999BC4668D04415972C8D16A52CF1_30, PutCachedData=, CacheKey=PhysX_1D9C17C451EA4FB88CB7A27536A65DB0_PhysXPC_3D8C0C3543925E9E1319D9B14B4B992E__1_0_13123_0, StartTime=2016.04.11-09.29.41, HierarchicalDDC=, DataSize=10585, Duration=3.817569, RunGuid=RunID3DF36630438F3894046749AF031795A2
DDCTransactionIdDF9F6B9344CCE6A12F4D7CA13CA65BFE_21, PutCachedData=, CacheKey=PhysX_1D9C17C451EA4FB88CB7A27536A65DB0_PhysXPC_8A51F3A24AEF3208CE6C3AA18350E9CC__1_0_13123_0, StartTime=2016.04.11-09.29.41, HierarchicalDDC=, DataSize=10905, Duration=3.162146, RunGuid=RunID3DF36630438F3894046749AF031795A2
